{"course":{"name":"Physics Test Example","description":"This is the short description","longDescription":"This is the long description of this physics course","author":"admin"},"questions":[{"questionNumber":1,"version":0,"questionType":"image_answer","questionText":"Formula number 1","questionUrl":null,"answerText":null,"answerUrl":"99aee08e39be9b3cec409012aa892cdc.jpeg"},{"questionNumber":2,"version":0,"questionType":"image_answer","questionText":"Image Question 2","questionUrl":null,"answerText":null,"answerUrl":"aaf349c141ef1d5041309edc70d2ea5b.jpeg"}]}